{
    "name": "Circle",
    "pos_array": [
        [
            0.7836116248912245,
            4.798237340988473e-17,
            -0.7836116248912246,
            1.0
        ],
        [
            6.785732323110912e-17,
            6.785732323110912e-17,
            -1.1081941875543877,
            1.0
        ],
        [
            -0.7836116248912245,
            4.798237340988472e-17,
            -0.7836116248912244,
            1.0
        ],
        [
            -1.1081941875543881,
            3.517735619006027e-33,
            -5.74489823752483e-17,
            1.0
        ],
        [
            -0.7836116248912245,
            -4.7982373409884725e-17,
            0.7836116248912245,
            1.0
        ],
        [
            -1.1100856969603225e-16,
            -6.785732323110917e-17,
            1.1081941875543884,
            1.0
        ],
        [
            0.7836116248912245,
            -4.798237340988472e-17,
            0.7836116248912244,
            1.0
        ],
        [
            1.1081941875543881,
            -9.253679210110099e-33,
            1.511240500779959e-16,
            1.0
        ],
        [
            0.7836116248912245,
            4.798237340988473e-17,
            -0.7836116248912246,
            1.0
        ],
        [
            6.785732323110912e-17,
            6.785732323110912e-17,
            -1.1081941875543877,
            1.0
        ],
        [
            -0.7836116248912245,
            4.798237340988472e-17,
            -0.7836116248912244,
            1.0
        ]
    ],
    "knots": [
        -2,
        -1,
        0,
        1,
        2,
        3,
        4,
        5,
        6,
        7,
        8,
        9,
        10
    ],
    "periodic": 3,
    "degree": 3
}